age,sex,chest_pain_type,resting_blood_pressure,cholesterol,fasting_blood_sugar,rest_ecg,max_heart_rate_achieved,exercise_induced_angina,st_depression,st_slope,num_major_vessels,thalassemia
68.0,1.0,3.0,173.0,388.0,0.0,2.0,174.0,0.0,2.315703153922952,0.0,0.0,2.0
41.0,1.0,2.0,102.0,140.0,1.0,1.0,150.0,1.0,5.964036316087342,1.0,2.0,0.0
54.0,1.0,3.0,124.0,297.0,1.0,1.0,124.0,0.0,1.9658615015856504,0.0,2.0,1.0
61.0,1.0,3.0,149.0,192.0,0.0,1.0,115.0,0.0,4.967326892612677,1.0,3.0,1.0
42.0,1.0,1.0,120.0,463.0,1.0,0.0,86.0,0.0,4.941293643312801,1.0,1.0,0.0
40.0,0.0,0.0,170.0,347.0,0.0,1.0,131.0,1.0,4.122185085951696,2.0,2.0,2.0
75.0,1.0,3.0,175.0,416.0,0.0,2.0,120.0,1.0,5.345068633876037,1.0,3.0,1.0
64.0,1.0,2.0,146.0,353.0,0.0,1.0,151.0,0.0,0.5893410634244218,1.0,1.0,1.0
55.0,1.0,2.0,154.0,465.0,1.0,0.0,103.0,1.0,3.956582223253281,1.0,0.0,2.0
39.0,1.0,2.0,126.0,491.0,0.0,2.0,190.0,1.0,1.2617308762431407,1.0,0.0,1.0
41.0,0.0,3.0,159.0,549.0,1.0,2.0,77.0,1.0,2.3043231419022927,2.0,0.0,1.0
47.0,0.0,1.0,183.0,223.0,0.0,0.0,183.0,1.0,6.115854308636581,2.0,0.0,2.0
77.0,0.0,2.0,168.0,236.0,0.0,2.0,143.0,1.0,3.673394855398824,0.0,2.0,1.0
48.0,0.0,3.0,180.0,517.0,0.0,0.0,119.0,0.0,4.703234344437217,1.0,1.0,2.0
54.0,1.0,1.0,129.0,511.0,0.0,0.0,87.0,1.0,4.756117820666459,1.0,1.0,0.0
67.0,1.0,3.0,135.0,319.0,0.0,2.0,101.0,0.0,1.7411698778516274,1.0,2.0,2.0
48.0,0.0,1.0,178.0,143.0,0.0,2.0,189.0,0.0,4.250551546849976,2.0,0.0,0.0
75.0,0.0,0.0,148.0,266.0,0.0,2.0,155.0,0.0,0.4482747093361161,2.0,1.0,0.0
70.0,0.0,0.0,186.0,221.0,0.0,0.0,185.0,0.0,4.9783696247215445,0.0,0.0,2.0
63.0,1.0,2.0,106.0,453.0,0.0,0.0,127.0,0.0,2.0387735127273348,2.0,3.0,2.0
75.0,0.0,2.0,168.0,518.0,0.0,2.0,193.0,0.0,1.1880230938843075,0.0,3.0,1.0
55.0,1.0,2.0,100.0,234.0,0.0,0.0,132.0,0.0,5.889019442504353,1.0,2.0,2.0
67.0,1.0,3.0,146.0,455.0,1.0,0.0,119.0,0.0,4.766902452418927,1.0,1.0,2.0
75.0,1.0,0.0,98.0,416.0,0.0,2.0,195.0,1.0,1.375145116330675,2.0,2.0,1.0
61.0,0.0,3.0,174.0,357.0,0.0,1.0,151.0,1.0,1.9065665495344093,2.0,1.0,1.0
76.0,0.0,0.0,98.0,373.0,1.0,0.0,196.0,1.0,0.743908716428384,1.0,1.0,1.0
42.0,1.0,2.0,97.0,311.0,0.0,0.0,87.0,0.0,0.4276503165099355,1.0,1.0,0.0
42.0,1.0,1.0,193.0,256.0,1.0,0.0,77.0,1.0,5.78272717500584,1.0,2.0,2.0
55.0,1.0,2.0,194.0,293.0,1.0,1.0,152.0,0.0,2.100248159081969,1.0,2.0,1.0
75.0,1.0,1.0,145.0,529.0,1.0,1.0,152.0,0.0,3.399556814953766,0.0,1.0,1.0
47.0,0.0,0.0,95.0,157.0,0.0,0.0,196.0,1.0,3.549605625681489,0.0,2.0,1.0
61.0,0.0,3.0,168.0,187.0,0.0,0.0,183.0,1.0,5.570531964554656,2.0,3.0,2.0
61.0,0.0,3.0,125.0,245.0,1.0,1.0,116.0,0.0,4.667234164888281,1.0,1.0,1.0
60.0,0.0,0.0,97.0,298.0,0.0,0.0,74.0,1.0,4.542322541340644,0.0,2.0,2.0
33.0,0.0,1.0,187.0,300.0,0.0,2.0,119.0,1.0,2.27399812088217,2.0,3.0,1.0
58.0,1.0,2.0,133.0,387.0,0.0,2.0,98.0,0.0,3.039670188025657,2.0,0.0,2.0
48.0,1.0,0.0,183.0,450.0,1.0,2.0,179.0,0.0,5.952392234437094,0.0,0.0,1.0
48.0,1.0,3.0,130.0,531.0,0.0,1.0,197.0,1.0,3.358436094304452,1.0,3.0,1.0
31.0,1.0,1.0,197.0,424.0,0.0,0.0,88.0,1.0,4.8138301076419046,1.0,2.0,1.0
76.0,1.0,2.0,115.0,218.0,0.0,2.0,190.0,1.0,3.712345937644537,1.0,2.0,1.0
76.0,1.0,0.0,153.0,453.0,1.0,0.0,143.0,0.0,2.02190056408652,2.0,1.0,0.0
70.0,1.0,1.0,95.0,179.0,0.0,1.0,83.0,0.0,5.603753953746925,2.0,0.0,1.0
65.0,1.0,0.0,196.0,449.0,1.0,1.0,133.0,1.0,2.508539027596484,2.0,0.0,2.0
49.0,0.0,2.0,95.0,314.0,0.0,0.0,74.0,0.0,4.357232600820485,0.0,1.0,2.0
44.0,0.0,2.0,109.0,468.0,1.0,1.0,79.0,0.0,2.6612811243809715,1.0,0.0,1.0
67.0,1.0,2.0,114.0,130.0,1.0,2.0,84.0,1.0,5.8187360546548295,2.0,1.0,1.0
38.0,0.0,1.0,109.0,310.0,0.0,2.0,140.0,0.0,3.4178412536320923,0.0,0.0,1.0
47.0,0.0,3.0,125.0,499.0,0.0,1.0,112.0,0.0,3.2005285050603964,1.0,0.0,1.0
55.0,1.0,0.0,177.0,190.0,0.0,0.0,74.0,1.0,0.3163223664627211,0.0,3.0,2.0
47.0,0.0,0.0,188.0,447.0,1.0,2.0,77.0,1.0,2.237257519706096,0.0,1.0,2.0
36.0,0.0,2.0,189.0,459.0,1.0,1.0,170.0,1.0,2.611473271931217,2.0,2.0,0.0
72.0,0.0,1.0,195.0,136.0,0.0,2.0,153.0,0.0,1.58579840650265,0.0,0.0,0.0
74.0,1.0,1.0,150.0,455.0,1.0,0.0,93.0,0.0,1.323150762307426,0.0,1.0,2.0
41.0,0.0,3.0,198.0,297.0,1.0,0.0,175.0,0.0,4.604903723702494,0.0,2.0,0.0
31.0,0.0,0.0,95.0,437.0,1.0,1.0,125.0,1.0,1.5092537265803048,0.0,2.0,0.0
61.0,1.0,3.0,173.0,246.0,1.0,2.0,174.0,1.0,2.0603328615854584,2.0,1.0,1.0
40.0,0.0,2.0,132.0,265.0,1.0,1.0,198.0,0.0,3.604471211285136,2.0,1.0,1.0
68.0,0.0,0.0,145.0,259.0,1.0,2.0,112.0,0.0,5.368039732332435,1.0,1.0,0.0
64.0,0.0,0.0,97.0,387.0,1.0,0.0,197.0,1.0,0.8712660099372187,0.0,1.0,1.0
48.0,0.0,1.0,180.0,286.0,1.0,0.0,119.0,0.0,3.628669270185012,2.0,1.0,2.0
31.0,0.0,0.0,114.0,495.0,1.0,0.0,196.0,0.0,3.633063336588225,1.0,3.0,1.0
73.0,0.0,0.0,179.0,414.0,0.0,2.0,124.0,1.0,5.38115127957396,1.0,1.0,1.0
75.0,1.0,0.0,197.0,402.0,1.0,1.0,82.0,0.0,4.510898935758512,1.0,0.0,1.0
48.0,0.0,3.0,134.0,524.0,0.0,0.0,162.0,1.0,0.2919676783801073,0.0,3.0,2.0
48.0,1.0,3.0,135.0,275.0,1.0,2.0,102.0,0.0,5.821988918939949,1.0,0.0,2.0
74.0,0.0,0.0,170.0,317.0,0.0,1.0,136.0,0.0,2.8057580958392774,1.0,2.0,2.0
50.0,1.0,2.0,118.0,202.0,0.0,2.0,194.0,1.0,3.5435452477725087,0.0,2.0,1.0
37.0,1.0,2.0,126.0,237.0,1.0,2.0,121.0,1.0,1.974380410397659,2.0,1.0,1.0
62.0,1.0,3.0,113.0,408.0,1.0,1.0,150.0,0.0,0.1913032767956124,1.0,0.0,1.0
37.0,0.0,2.0,104.0,195.0,0.0,1.0,113.0,1.0,4.489093478179813,1.0,2.0,1.0
48.0,0.0,1.0,105.0,553.0,0.0,2.0,185.0,1.0,4.957895277628481,2.0,3.0,0.0
55.0,0.0,2.0,198.0,350.0,0.0,1.0,152.0,1.0,0.0777544255815768,1.0,1.0,1.0
74.0,0.0,2.0,170.0,245.0,1.0,0.0,187.0,1.0,3.801354604084109,1.0,1.0,0.0
61.0,1.0,3.0,160.0,475.0,1.0,2.0,181.0,1.0,4.412592555436118,1.0,1.0,1.0
64.0,1.0,2.0,142.0,545.0,1.0,1.0,131.0,0.0,5.457295853145338,1.0,1.0,2.0
31.0,0.0,0.0,184.0,199.0,0.0,0.0,183.0,1.0,4.883102920627731,0.0,1.0,0.0
62.0,1.0,3.0,128.0,274.0,0.0,0.0,122.0,1.0,3.4035661004145914,1.0,3.0,2.0
54.0,1.0,0.0,153.0,363.0,0.0,1.0,126.0,0.0,1.976197775519258,0.0,2.0,1.0
75.0,1.0,3.0,111.0,562.0,1.0,0.0,149.0,0.0,0.556599737590847,1.0,0.0,0.0
55.0,0.0,2.0,178.0,158.0,1.0,1.0,140.0,0.0,2.703062907068348,0.0,3.0,2.0
44.0,0.0,1.0,116.0,446.0,1.0,2.0,101.0,1.0,5.921313514750332,1.0,3.0,2.0
73.0,1.0,2.0,152.0,424.0,0.0,2.0,150.0,1.0,5.340121110782223,1.0,1.0,2.0
31.0,0.0,0.0,171.0,501.0,0.0,1.0,134.0,0.0,5.004493207216003,0.0,3.0,2.0
61.0,0.0,3.0,198.0,243.0,1.0,0.0,199.0,1.0,5.692024377457056,1.0,1.0,1.0
63.0,0.0,3.0,144.0,529.0,1.0,2.0,174.0,0.0,4.5182911772881145,1.0,1.0,1.0
41.0,1.0,3.0,151.0,374.0,0.0,2.0,190.0,0.0,2.3363499846381366,0.0,0.0,2.0
43.0,1.0,1.0,119.0,491.0,1.0,0.0,150.0,0.0,5.681440711126866,2.0,0.0,0.0
32.0,1.0,0.0,141.0,360.0,0.0,2.0,175.0,1.0,0.6078423592906611,1.0,2.0,1.0
76.0,0.0,0.0,146.0,320.0,0.0,2.0,108.0,0.0,3.2141056581233984,2.0,3.0,2.0
37.0,1.0,1.0,116.0,259.0,1.0,2.0,192.0,0.0,1.50590530100665,1.0,3.0,1.0
48.0,0.0,1.0,179.0,550.0,0.0,2.0,186.0,1.0,5.073339454662574,2.0,2.0,0.0
44.0,1.0,2.0,126.0,166.0,0.0,1.0,178.0,1.0,5.473322378196718,1.0,3.0,1.0
62.0,0.0,3.0,169.0,491.0,1.0,0.0,122.0,0.0,3.429194233293039,1.0,3.0,2.0
40.0,1.0,2.0,171.0,368.0,1.0,2.0,82.0,1.0,2.9297665100323265,1.0,2.0,1.0
36.0,1.0,1.0,137.0,476.0,0.0,0.0,92.0,0.0,1.6157299039626245,0.0,0.0,2.0
72.0,1.0,1.0,163.0,390.0,1.0,1.0,170.0,1.0,2.334277538336908,0.0,1.0,1.0
69.0,0.0,0.0,142.0,253.0,0.0,2.0,105.0,0.0,1.18618388921123,2.0,2.0,2.0
51.0,0.0,3.0,162.0,145.0,0.0,0.0,168.0,0.0,1.704124402087398,2.0,1.0,2.0
48.0,0.0,3.0,143.0,272.0,1.0,0.0,136.0,0.0,6.152530099583085,1.0,0.0,2.0
31.0,0.0,0.0,174.0,279.0,1.0,0.0,100.0,0.0,3.327920634568994,0.0,3.0,2.0
32.0,0.0,0.0,96.0,478.0,0.0,0.0,199.0,1.0,5.625830014319933,0.0,1.0,1.0
58.0,0.0,1.0,107.0,317.0,1.0,2.0,110.0,1.0,1.7715104207273258,2.0,0.0,2.0
31.0,1.0,1.0,139.0,442.0,1.0,0.0,163.0,1.0,1.897867710546908,1.0,3.0,2.0
55.0,0.0,2.0,97.0,460.0,1.0,0.0,89.0,0.0,4.948707267374259,2.0,1.0,0.0
48.0,0.0,0.0,175.0,151.0,1.0,0.0,135.0,0.0,0.7066799511846353,0.0,2.0,2.0
47.0,0.0,3.0,160.0,303.0,0.0,2.0,102.0,0.0,3.4135113570465787,1.0,1.0,2.0
53.0,0.0,3.0,134.0,342.0,0.0,0.0,159.0,1.0,4.757620803150049,2.0,0.0,2.0
46.0,1.0,2.0,134.0,165.0,0.0,2.0,119.0,1.0,2.0120770356068696,0.0,3.0,1.0
54.0,1.0,2.0,125.0,464.0,1.0,2.0,138.0,0.0,2.097296567942566,0.0,1.0,2.0
66.0,1.0,3.0,139.0,355.0,0.0,1.0,201.0,0.0,0.2795761820903718,1.0,1.0,1.0
63.0,1.0,3.0,143.0,440.0,1.0,0.0,196.0,1.0,0.9402741746590236,1.0,0.0,1.0
36.0,0.0,1.0,137.0,439.0,1.0,0.0,159.0,0.0,0.393283295667627,2.0,0.0,2.0
40.0,1.0,3.0,160.0,165.0,0.0,0.0,157.0,1.0,1.9956150573089424,0.0,2.0,2.0
54.0,1.0,2.0,193.0,540.0,0.0,1.0,115.0,1.0,5.010726483685023,1.0,2.0,1.0
69.0,1.0,3.0,149.0,213.0,1.0,0.0,175.0,0.0,3.1366710528735684,0.0,3.0,2.0
30.0,1.0,1.0,167.0,395.0,1.0,2.0,92.0,1.0,0.2300335971907868,0.0,1.0,2.0
42.0,1.0,1.0,136.0,161.0,0.0,2.0,146.0,1.0,2.1869460824287,2.0,0.0,1.0
35.0,1.0,1.0,183.0,460.0,1.0,0.0,74.0,1.0,2.265839185614301,1.0,1.0,2.0
70.0,0.0,0.0,187.0,219.0,0.0,0.0,165.0,0.0,2.4613976019000683,1.0,0.0,2.0
76.0,0.0,0.0,192.0,268.0,1.0,2.0,118.0,0.0,4.349150325577027,2.0,1.0,1.0
72.0,0.0,0.0,183.0,384.0,1.0,2.0,96.0,1.0,1.871712614347668,1.0,1.0,1.0
43.0,0.0,1.0,100.0,500.0,1.0,2.0,75.0,1.0,2.052167302446913,1.0,1.0,2.0
62.0,1.0,3.0,139.0,210.0,0.0,1.0,196.0,1.0,0.2555565941506051,1.0,3.0,1.0
60.0,0.0,3.0,134.0,370.0,1.0,0.0,109.0,1.0,4.552277486594274,2.0,0.0,2.0
76.0,1.0,2.0,191.0,457.0,1.0,0.0,74.0,1.0,2.369550869300906,0.0,0.0,2.0
54.0,0.0,0.0,175.0,480.0,0.0,0.0,134.0,0.0,0.9029687985141436,0.0,1.0,2.0
65.0,1.0,2.0,193.0,452.0,1.0,1.0,130.0,0.0,1.2815713100322006,2.0,3.0,0.0
76.0,0.0,2.0,94.0,309.0,0.0,2.0,139.0,0.0,3.6592561286671614,0.0,1.0,2.0
31.0,0.0,1.0,108.0,270.0,0.0,2.0,93.0,1.0,1.364254199176142,0.0,0.0,1.0
61.0,0.0,3.0,114.0,214.0,0.0,1.0,181.0,1.0,5.11242037917667,1.0,3.0,1.0
48.0,1.0,3.0,158.0,402.0,1.0,0.0,161.0,1.0,5.953773903248667,0.0,0.0,2.0
47.0,0.0,1.0,180.0,159.0,1.0,0.0,183.0,0.0,0.8763763985992465,2.0,0.0,1.0
48.0,0.0,0.0,178.0,163.0,0.0,0.0,75.0,1.0,2.162972992719693,0.0,2.0,2.0
62.0,1.0,1.0,104.0,328.0,1.0,2.0,119.0,1.0,4.271075406266712,2.0,1.0,1.0
56.0,0.0,2.0,115.0,245.0,1.0,2.0,172.0,0.0,2.010669239155172,2.0,1.0,1.0
74.0,0.0,0.0,187.0,277.0,1.0,2.0,121.0,1.0,4.355603524655729,1.0,3.0,1.0
31.0,0.0,1.0,107.0,514.0,0.0,2.0,93.0,0.0,4.670105690237196,0.0,1.0,2.0
42.0,1.0,2.0,127.0,522.0,0.0,2.0,90.0,1.0,5.95756582348589,2.0,0.0,2.0
76.0,1.0,0.0,96.0,384.0,1.0,2.0,157.0,1.0,5.454317472295204,1.0,1.0,2.0
42.0,0.0,2.0,104.0,481.0,0.0,1.0,114.0,0.0,5.760659207229321,1.0,2.0,1.0
