age,sex,chest_pain_type,resting_blood_pressure,cholesterol,fasting_blood_sugar,rest_ecg,max_heart_rate_achieved,exercise_induced_angina,st_depression,st_slope,num_major_vessels,thalassemia
74.0,1.0,1.0,150.0,455.0,1.0,0.0,93.0,0.0,1.323150762307426,0.0,1.0,2.0
66.0,0.0,2.0,102.0,378.0,0.0,1.0,114.0,0.0,2.2303265720044205,2.0,2.0,1.0
48.0,0.0,3.0,143.0,272.0,1.0,0.0,136.0,0.0,6.152530099583085,1.0,0.0,2.0
75.0,0.0,0.0,148.0,266.0,0.0,2.0,155.0,0.0,0.4482747093361161,2.0,1.0,0.0
75.0,1.0,0.0,184.0,132.0,0.0,0.0,110.0,0.0,1.6207888151549208,2.0,3.0,2.0
48.0,1.0,3.0,135.0,275.0,1.0,2.0,102.0,0.0,5.821988918939949,1.0,0.0,2.0
44.0,1.0,2.0,126.0,166.0,0.0,1.0,178.0,1.0,5.473322378196718,1.0,3.0,1.0
44.0,0.0,2.0,109.0,468.0,1.0,1.0,79.0,0.0,2.6612811243809715,1.0,0.0,1.0
63.0,1.0,3.0,143.0,440.0,1.0,0.0,196.0,1.0,0.9402741746590236,1.0,0.0,1.0
58.0,0.0,1.0,107.0,317.0,1.0,2.0,110.0,1.0,1.7715104207273258,2.0,0.0,2.0
75.0,1.0,0.0,98.0,416.0,0.0,2.0,195.0,1.0,1.375145116330675,2.0,2.0,1.0
52.0,1.0,0.0,193.0,239.0,1.0,2.0,79.0,1.0,4.708498041934845,1.0,2.0,1.0
72.0,1.0,1.0,163.0,390.0,1.0,1.0,170.0,1.0,2.334277538336908,0.0,1.0,1.0
37.0,1.0,3.0,148.0,252.0,1.0,2.0,97.0,0.0,1.2004838975292704,1.0,1.0,2.0
31.0,1.0,1.0,197.0,424.0,0.0,0.0,88.0,1.0,4.8138301076419046,1.0,2.0,1.0
36.0,0.0,2.0,189.0,459.0,1.0,1.0,170.0,1.0,2.611473271931217,2.0,2.0,0.0
42.0,1.0,1.0,120.0,463.0,1.0,0.0,86.0,0.0,4.941293643312801,1.0,1.0,0.0
62.0,1.0,1.0,189.0,492.0,0.0,2.0,120.0,1.0,3.2514378363146883,2.0,0.0,1.0
55.0,0.0,2.0,178.0,158.0,1.0,1.0,140.0,0.0,2.703062907068348,0.0,3.0,2.0
66.0,1.0,3.0,139.0,355.0,0.0,1.0,201.0,0.0,0.2795761820903718,1.0,1.0,1.0
54.0,0.0,2.0,115.0,474.0,1.0,2.0,88.0,0.0,3.108868821830568,1.0,0.0,2.0
75.0,1.0,0.0,197.0,402.0,1.0,1.0,82.0,0.0,4.510898935758512,1.0,0.0,1.0
58.0,1.0,3.0,177.0,455.0,1.0,2.0,159.0,0.0,2.920101970444997,0.0,3.0,0.0
40.0,0.0,0.0,170.0,347.0,0.0,1.0,131.0,1.0,4.122185085951696,2.0,2.0,2.0
57.0,0.0,3.0,125.0,455.0,1.0,1.0,115.0,1.0,4.422763162835773,0.0,3.0,1.0
56.0,0.0,0.0,134.0,322.0,0.0,1.0,201.0,0.0,3.5661470427295647,0.0,3.0,1.0
54.0,1.0,2.0,193.0,540.0,0.0,1.0,115.0,1.0,5.010726483685023,1.0,2.0,1.0
72.0,0.0,1.0,109.0,522.0,0.0,2.0,93.0,1.0,4.574353433194888,0.0,3.0,1.0
32.0,0.0,0.0,96.0,478.0,0.0,0.0,199.0,1.0,5.625830014319933,0.0,1.0,1.0
54.0,0.0,0.0,145.0,377.0,0.0,2.0,109.0,0.0,3.003246110922784,0.0,1.0,2.0
31.0,0.0,1.0,108.0,270.0,0.0,2.0,93.0,1.0,1.364254199176142,0.0,0.0,1.0
41.0,1.0,2.0,102.0,140.0,1.0,1.0,150.0,1.0,5.964036316087342,1.0,2.0,0.0
48.0,0.0,0.0,178.0,163.0,0.0,0.0,75.0,1.0,2.162972992719693,0.0,2.0,2.0
75.0,1.0,1.0,145.0,529.0,1.0,1.0,152.0,0.0,3.399556814953766,0.0,1.0,1.0
77.0,0.0,2.0,168.0,236.0,0.0,2.0,143.0,1.0,3.673394855398824,0.0,2.0,1.0
36.0,1.0,1.0,137.0,476.0,0.0,0.0,92.0,0.0,1.6157299039626245,0.0,0.0,2.0
42.0,1.0,1.0,193.0,256.0,1.0,0.0,77.0,1.0,5.78272717500584,1.0,2.0,2.0
54.0,0.0,0.0,175.0,480.0,0.0,0.0,134.0,0.0,0.9029687985141436,0.0,1.0,2.0
55.0,1.0,2.0,154.0,465.0,1.0,0.0,103.0,1.0,3.956582223253281,1.0,0.0,2.0
55.0,1.0,2.0,100.0,234.0,0.0,0.0,132.0,0.0,5.889019442504353,1.0,2.0,2.0
74.0,0.0,0.0,187.0,277.0,1.0,2.0,121.0,1.0,4.355603524655729,1.0,3.0,1.0
46.0,1.0,2.0,134.0,165.0,0.0,2.0,119.0,1.0,2.0120770356068696,0.0,3.0,1.0
55.0,1.0,2.0,194.0,293.0,1.0,1.0,152.0,0.0,2.100248159081969,1.0,2.0,1.0
62.0,1.0,3.0,128.0,274.0,0.0,0.0,122.0,1.0,3.4035661004145914,1.0,3.0,2.0
44.0,0.0,3.0,149.0,293.0,0.0,0.0,189.0,1.0,3.9184623988975,2.0,2.0,1.0
76.0,1.0,2.0,154.0,224.0,0.0,2.0,138.0,1.0,3.4797731278628823,0.0,2.0,2.0
43.0,1.0,1.0,119.0,491.0,1.0,0.0,150.0,0.0,5.681440711126866,2.0,0.0,0.0
42.0,1.0,2.0,127.0,522.0,0.0,2.0,90.0,1.0,5.95756582348589,2.0,0.0,2.0
62.0,1.0,3.0,113.0,408.0,1.0,1.0,150.0,0.0,0.1913032767956124,1.0,0.0,1.0
70.0,0.0,0.0,186.0,221.0,0.0,0.0,185.0,0.0,4.9783696247215445,0.0,0.0,2.0
48.0,0.0,3.0,173.0,477.0,1.0,1.0,156.0,0.0,1.9917226338048664,1.0,3.0,1.0
31.0,0.0,0.0,171.0,501.0,0.0,1.0,134.0,0.0,5.004493207216003,0.0,3.0,2.0
49.0,0.0,2.0,95.0,314.0,0.0,0.0,74.0,0.0,4.357232600820485,0.0,1.0,2.0
38.0,0.0,1.0,109.0,310.0,0.0,2.0,140.0,0.0,3.4178412536320923,0.0,0.0,1.0
69.0,1.0,3.0,149.0,213.0,1.0,0.0,175.0,0.0,3.1366710528735684,0.0,3.0,2.0
69.0,0.0,0.0,142.0,253.0,0.0,2.0,105.0,0.0,1.18618388921123,2.0,2.0,2.0
72.0,0.0,1.0,195.0,136.0,0.0,2.0,153.0,0.0,1.58579840650265,0.0,0.0,0.0
75.0,0.0,2.0,168.0,518.0,0.0,2.0,193.0,0.0,1.1880230938843075,0.0,3.0,1.0
47.0,0.0,2.0,117.0,447.0,1.0,2.0,103.0,1.0,6.094805841299022,1.0,3.0,2.0
74.0,0.0,2.0,170.0,245.0,1.0,0.0,187.0,1.0,3.801354604084109,1.0,1.0,0.0
